{
    "robot_root_name": "waist_z_link",
    "human_root_name": "pelvis",
    "ground_height": 0.00,
    "human_height_assumption": 1.8,
    "use_ik_match_table1": true,
    "use_ik_match_table2": true,
    "human_scale_table": {
        "pelvis": 0.9,
        "spine3": 0.9,

        "left_hip": 2.0,
        "right_hip": 2.0,
        "left_knee": 1.0,
        "right_knee": 1.0,
        "left_foot": 0.9,
        "right_foot": 0.9,

        "left_shoulder": 0.95,
        "right_shoulder": 0.95,
        "left_elbow": 0.7,
        "right_elbow": 0.7,
        "left_wrist": 2.4,
        "right_wrist": 2.4
    },

    "ik_match_table1": {
        "waist_z_link": [
            "pelvis",
            100,
            10,
            [
                0.0,
                0.0,
                0.0
            ],
            [
                0.5,
                -0.5,
                -0.5,
                -0.5
            ]
        ],
        "l_hip_x_link": [
            "left_hip",
            0,
            10,
            [
                0.0,
                0.0,
                0.0
            ],
            [
                0.4267755048530407,
                -0.5637931078484661,
                -0.5637931078484661,
                -0.4267755048530407
            ]
        ],
        "l_knee_y_link": [
            "left_knee",
            0,
            10,
            [
                0.1,
                0.0,
                0.0
            ],
            [
                0.5,
                -0.5,
                -0.5,
                -0.5
            ]
        ],
        "l_ankle_x_link": [
            "left_foot",
            100,
            10,
            [
                0.0,
                0.02,
                0.0
            ],
            [
                0.5,
                -0.5,
                -0.5,
                -0.5
            ]
        ],
        "r_hip_x_link": [
            "right_hip",
            0,
            10,
            [
                0.0,
                0.0,
                0.0
            ],
            [
                0.4267755048530407,
                -0.5637931078484661,
                -0.5637931078484661,
                -0.4267755048530407
            ]
        ],
        "r_knee_y_link": [
            "right_knee",
            0,
            10,
            [
                0.1,
                0.0,
                0.0
            ],
            [
                0.5,
                -0.5,
                -0.5,
                -0.5
            ]
        ],
        "r_ankle_x_link": [
            "right_foot",
            100,
            10,
            [
                0.0,
                -0.02,
                0.0
            ],
            [
                0.5,
                -0.5,
                -0.5,
                -0.5
            ]
        ],
        "torso_link": [
            "spine3",
            0,
            10,
            [
                0.0,
                0.0,
                0.0
            ],
            [
                0.5,
                -0.5,
                -0.5,
                -0.5
            ]
        ],
        "l_shoulder_z_link": [
            "left_shoulder",
            0,
            10,
            [
                0.0,
                0.05,
                0.0
            ],
            [
                0.70710678,
                0.0,
                -0.70710678,
                0.0
            ]
        ],
        "l_elbow_y_link": [
            "left_elbow",
            0,
            10,
            [
                0.0,
                0.1,
                0.0
            ],
            [
                1.0,
                0.0,
                0.0,
                0.0
            ]
        ],
        "l_wrist_z_link": [
            "left_wrist",
            0,
            10,
            [
                0.0,
                -0.2,
                0.1
            ],
            [
                1.0,
                0.0,
                0.0,
                0.0
            ]
        ],
        "r_shoulder_z_link": [
            "right_shoulder",
            0,
            10,
            [
                0.0,
                -0.05,
                0.0
            ],
            [
                0.0,
                0.70710678,
                0.0,
                0.70710678
            ]
        ],
        "r_elbow_y_link": [
            "right_elbow",
            0,
            10,
            [
                0.0,
                -0.1,
                0.0
            ],
            [
                0.0,
                0.0,
                0.0,
                -1.0
            ]
        ],
        "r_wrist_z_link": [
            "right_wrist",
            0,
            10,
            [
                0.0,
                0.2,
                0.1
            ],
            [
                0.0,
                0.0,
                0.0,
                -1.0
            ]
        ]
    },
   "ik_match_table2": {
        "waist_z_link": [
            "pelvis",
            100,
            5,
            [
                0.0,
                0.0,
                0.0
            ],
            [
                0.5,
                -0.5,
                -0.5,
                -0.5
            ]
        ],
        "l_hip_x_link": [
            "left_hip",
            10,
            5,
            [
                0.0,
                0.0,
                0.0
            ],
            [
                0.4267755048530407,
                -0.5637931078484661,
                -0.5637931078484661,
                -0.4267755048530407
            ]

        ],
        "l_knee_y_link": [
            "left_knee",
            10,
            5,
            [
                0.1,
                0.0,
                0.0
            ],
            [
                0.5,
                -0.5,
                -0.5,
                -0.5
            ]
        ],
        "l_ankle_x_link": [
            "left_foot",
            100,
            50,
            [
                0.0,
                0.0,
                0.0
            ],
            [ -0.5, 0.5, 0.5, 0.5 ]
        ],
        "r_hip_x_link": [
            "right_hip",
            10,
            5,
            [
                0.0,
                0.0,
                0.0
            ],
            [
                0.4267755048530407,
                -0.5637931078484661,
                -0.5637931078484661,
                -0.4267755048530407
            ]
        ],
        "r_knee_y_link": [
            "right_knee",
            10,
            5,
            [
                0.1,
                0.0,
                0.0
            ],
            [
                0.5,
                -0.5,
                -0.5,
                -0.5
            ]
        ],
        "r_ankle_x_link": [
            "right_foot",
            100,
            50,
            [
                0.0,
                0.0,
                0.0
            ],
            [ -0.5, 0.5, 0.5, 0.5 ]
        ],
        "torso_link": [
            "spine3",
            0,
            10,
            [
                0.0,
                0.0,
                0.0
            ],
            [
                0.5,
                -0.5,
                -0.5,
                -0.5
            ]
        ],
        "l_shoulder_z_link": [
            "left_shoulder",
            10,
            5,
            [
                0.0,
                0.05,
                0.0
            ],
            [
                0.70710678,
                0.0,
                -0.70710678,
                0.0
            ]
        ],
        "l_elbow_y_link": [
            "left_elbow",
            10,
            5,
            [
                0.0,
                0.1,
                0.0
            ],
            [
                1.0,
                0.0,
                0.0,
                0.0
            ]
        ],